{"X_mean": [13.07861328125, 10.442113876342773, 8.193437576293945, 5.298578262329102, 1.779303789138794, -1.6479624509811401, -4.350159168243408, -6.169259071350098, -5.919895172119141, -4.767364978790283, -1.5144270658493042, 2.1002509593963623, 5.563650608062744, 8.249313354492188, 10.413796424865723, 2.557474374771118, 5.920474052429199, 8.648798942565918, 10.559988021850586, 11.039726257324219, 10.349788665771484, 7.9181342124938965, 4.550645351409912, 1.4402564764022827, -2.527331829071045, -4.860180377960205, -5.694900989532471, -5.200297832489014, -3.4146907329559326, -0.7945719361305237, 0.5310701727867126, 0.3018898069858551, 0.3103262782096863, 0.34355705976486206, 0.3594689965248108, 0.37111762166023254, 0.3651989996433258, 0.3213615119457245, 0.36337921023368835, 0.3382088243961334, 0.4021610915660858, 0.3781559467315674, 0.3771633505821228, 0.3338860869407654, 0.32732322812080383, 0.364778071641922, 0.3147738575935364, 0.28958213329315186, 0.2942984104156494, 0.3005131483078003, 0.3754570484161377, 0.3719199597835541, 0.3608350455760956, 0.4127016067504883, 0.36454495787620544, 0.3884752094745636, 0.3951438367366791, 0.3975042402744293, 0.38986676931381226, 0.38637688755989075], "X_std": [3.642029285430908, 2.580702066421509, 2.5096964836120605, 2.374279737472534, 2.086064100265503, 2.0925207138061523, 2.3446366786956787, 2.054111957550049, 2.5502331256866455, 2.2022314071655273, 2.75213885307312, 2.143101215362549, 2.394383430480957, 2.509878635406494, 2.4993200302124023, 2.2701914310455322, 2.1288914680480957, 2.2732126712799072, 2.59570050239563, 2.6494953632354736, 3.0332794189453125, 2.540600538253784, 2.407650947570801, 2.5969371795654297, 2.3115856647491455, 2.761654853820801, 2.39855694770813, 2.436563730239868, 2.234027862548828, 2.3002424240112305, 0.5031903386116028, 0.42041999101638794, 0.37556570768356323, 0.2675083577632904, 0.1735408902168274, 0.20582789182662964, 0.3300171494483948, 0.3914676010608673, 0.39355307817459106, 0.32788851857185364, 0.27167758345603943, 0.17813782393932343, 0.2817804217338562, 0.41209128499031067, 0.47700610756874084, 0.20626035332679749, 0.2721412181854248, 0.3864031732082367, 0.46942225098609924, 0.479820191860199, 0.5012080073356628, 0.37191298604011536, 0.25166183710098267, 0.22985269129276276, 0.27334466576576233, 0.3680300712585449, 0.3917972445487976, 0.3961910903453827, 0.3007557988166809, 0.18820397555828094], "U_mean": [0.03379831463098526, -0.03123459964990616, -0.027515463531017303, -0.026265239343047142, -0.02452954091131687, -0.02706187590956688, -0.03302304819226265, -0.05007879436016083, -0.03757090121507645, -0.038025666028261185, -0.01653340272605419, -0.021396884694695473, -0.015642235055565834, -0.019634287804365158, -0.018994159996509552, -0.01983712427318096, -0.031428590416908264, -0.030733108520507812, -0.031088344752788544, -0.027804195880889893, -0.007102569565176964, -0.011667534708976746, -0.02161153219640255, -0.01328380685299635, -0.0285780131816864, -0.022571275010704994, -0.027910130098462105, -0.028904663398861885, -0.027005700394511223, -0.020142290741205215], "U_std": [0.8612138032913208, 0.7764288783073425, 0.6036869287490845, 0.35669517517089844, 0.23781664669513702, 0.4448603689670563, 0.7273885607719421, 0.9200978875160217, 0.9549335241317749, 0.8120710253715515, 0.5053061246871948, 0.30207088589668274, 0.4746902585029602, 0.7267516255378723, 0.879120945930481, 0.21094286441802979, 0.3896324634552002, 0.666440486907959, 0.8366228938102722, 0.8859597444534302, 0.8408501148223877, 0.656980574131012, 0.3744853734970093, 0.31653711199760437, 0.5877713561058044, 0.8782826662063599, 0.9652247428894043, 0.9044637084007263, 0.6677041053771973, 0.38134002685546875], "R_mean": [0.0018198264297097921, 0.006602532230317593, 0.006259093526750803, 0.005560413934290409, 0.004981629550457001, 0.004559758119285107, 0.004555190913379192, 0.0054479679092764854, 0.004653203766793013, 0.005052909720689058, 0.00392935611307621, 0.004675694275647402, 0.004842338152229786, 0.005732586607336998, 0.005929386708885431, 0.005554379895329475, 0.006411347072571516, 0.006554463412612677, 0.006345112342387438, 0.006131520960479975, 0.0046150521375238895, 0.004973565693944693, 0.005585717037320137, 0.004764127545058727, 0.005823560990393162, 0.005301875993609428, 0.005237413104623556, 0.005256354343146086, 0.005384972784668207, 0.005298436153680086, 0.0030599934980273247, 0.01922607235610485, 0.018511708825826645, 0.01690380461513996, 0.016031553968787193, 0.01573527604341507, 0.016552457585930824, 0.020047947764396667, 0.017320897430181503, 0.018341360613703728, 0.01359744742512703, 0.01490873284637928, 0.014435452409088612, 0.01674221269786358, 0.01697992905974388, 0.015370327048003674, 0.01866375096142292, 0.019734783098101616, 0.01955452188849449, 0.018979284912347794, 0.013743664138019085, 0.014304802753031254, 0.015707144513726234, 0.012689300812780857, 0.016270345076918602, 0.014841312542557716, 0.014730590395629406, 0.014713729731738567, 0.014886509627103806, 0.014425845816731453], "R_std": [0.023697255179286003, 0.021254677325487137, 0.01686490699648857, 0.010210267268121243, 0.006616996135562658, 0.011824413202702999, 0.01944049261510372, 0.024523375555872917, 0.025278640910983086, 0.02147086337208748, 0.013639184646308422, 0.008143922314047813, 0.013048320077359676, 0.020002348348498344, 0.024078622460365295, 0.006409106310456991, 0.011137773282825947, 0.018512995913624763, 0.023093968629837036, 0.024323713034391403, 0.023379268124699593, 0.018102534115314484, 0.010525679215788841, 0.008911089040338993, 0.01567949913442135, 0.023251300677657127, 0.025590168312191963, 0.024133341386914253, 0.017800481989979744, 0.010134609416127205, 0.07902706414461136, 0.07089915126562119, 0.05631609261035919, 0.03422115743160248, 0.02218286320567131, 0.03935723006725311, 0.06471269577741623, 0.08164232969284058, 0.0841917172074318, 0.07153119146823883, 0.045471690595149994, 0.027164747938513756, 0.04361424595117569, 0.06675498187541962, 0.08030278980731964, 0.02126743644475937, 0.03699321672320366, 0.06157572939991951, 0.07684659957885742, 0.0809558629989624, 0.07777151465415955, 0.06021540239453316, 0.034985825419425964, 0.029659103602170944, 0.05223320424556732, 0.07745473831892014, 0.08519970625638962, 0.08034228533506393, 0.059258464723825455, 0.0337669737637043]}