{"X_mean": [-0.9801351428031921, -0.04455346614122391, 1.2858259677886963, 1.915981650352478, 2.7802844047546387, 2.347323179244995, 2.4959402084350586, 1.9490375518798828, 0.5024713277816772, 0.3440532982349396, -1.8604803085327148, -1.4467532634735107, -3.3215436935424805, -2.218446969985962, -2.0448384284973145, -2.69669246673584, -2.6528172492980957, -2.9011852741241455, -2.026515007019043, -1.2751262187957764, -0.435224711894989, 0.535624086856842, 1.6791486740112305, 2.9972522258758545, 1.914899230003357, 2.6272058486938477, 1.554985761642456, 0.3523649275302887, -0.34530094265937805, -1.4100699424743652, -1.1227383613586426, -1.015760898590088, -0.7796112895011902, -0.3312104642391205, 0.09151371568441391, 0.5601270794868469, 0.8938741683959961, 1.1049007177352905, 1.0829254388809204, 0.9034371972084045, 0.5129647254943848, 0.09864944964647293, -0.4015211760997772, -0.7738969326019287, -1.0281041860580444, -0.024691671133041382, -0.4224465787410736, -0.8599875569343567, -1.0633174180984497, -1.1507885456085205, -0.9711609482765198, -0.6921050548553467, -0.22859039902687073, 0.24145950376987457, 0.6571627855300903, 1.036538004875183, 1.1438710689544678, 1.1054855585098267, 0.847872257232666, 0.512097954750061], "X_std": [7.5375285148620605, 6.84754753112793, 5.810133457183838, 3.89621639251709, 2.530001401901245, 3.645883321762085, 5.747274398803711, 7.12914514541626, 7.380039691925049, 6.365581512451172, 4.446316242218018, 2.4913275241851807, 3.3918285369873047, 4.891310214996338, 6.51627254486084, 2.6118812561035156, 3.1685237884521484, 5.584108829498291, 6.7064528465271, 7.504363536834717, 6.480508327484131, 5.163760662078857, 3.008269786834717, 2.7997677326202393, 3.9971187114715576, 6.913136005401611, 7.305264472961426, 7.520985126495361, 6.109477519989014, 4.2801899909973145, 0.7790033221244812, 0.7545933127403259, 0.8993712663650513, 0.9439656734466553, 0.9327499866485596, 0.8275793790817261, 0.7826441526412964, 0.7438234686851501, 0.8235250115394592, 0.8020032048225403, 0.852501392364502, 0.8259081840515137, 0.8597521185874939, 0.8004611134529114, 0.7046740651130676, 0.9175692200660706, 0.8242396712303162, 0.8146200180053711, 0.6953480839729309, 0.7591153979301453, 0.7180699706077576, 0.8498455882072449, 0.87413489818573, 0.9092922806739807, 0.7987250685691833, 0.8409262299537659, 0.697130560874939, 0.8318014740943909, 0.8006601333618164, 0.8441888093948364], "U_mean": [-0.14818592369556427, -0.09362361580133438, -0.12178122252225876, -0.03490319475531578, -0.017717016860842705, 0.03043542057275772, 0.06575453281402588, 0.09331920742988586, 0.13202407956123352, 0.05629004165530205, 0.07195156067609787, 0.020778629928827286, -0.034440942108631134, -0.04962305724620819, -0.07158433645963669, 0.025610411539673805, -0.018818624317646027, -0.09179378300905228, -0.07277938723564148, -0.1322220265865326, -0.06952708214521408, -0.08366536349058151, -0.02958519756793976, 0.018262458965182304, 0.037688709795475006, 0.10496459901332855, 0.0665462389588356, 0.1378580927848816, 0.08827929198741913, 0.06642927974462509], "U_std": [0.7234514951705933, 0.7265492677688599, 0.7727979421615601, 0.7770393490791321, 0.7651992440223694, 0.7594544291496277, 0.7061567306518555, 0.6948778033256531, 0.7234073877334595, 0.7749641537666321, 0.7915136814117432, 0.8039222955703735, 0.7348153591156006, 0.7867575883865356, 0.6934987902641296, 0.7554512619972229, 0.761401891708374, 0.7191588878631592, 0.7057607173919678, 0.699833869934082, 0.7841938734054565, 0.7712364792823792, 0.759323239326477, 0.795677661895752, 0.7744520306587219, 0.7322060465812683, 0.7252629399299622, 0.7076154351234436, 0.7358816266059875, 0.7436876893043518], "R_mean": [-0.06920506805181503, -0.06509502977132797, -0.048272520303726196, -0.02104671113193035, 0.0073585063219070435, 0.038065358996391296, 0.058592986315488815, 0.0727870985865593, 0.06740055233240128, 0.059978313744068146, 0.0314580500125885, 0.004964902531355619, -0.025192629545927048, -0.05253041908144951, -0.06775321066379547, -0.0018310934538021684, -0.0292657520622015, -0.055115777999162674, -0.07080863416194916, -0.07242067158222198, -0.06386978179216385, -0.04477519169449806, -0.014944282360374928, 0.014406673610210419, 0.04467179253697395, 0.06545651704072952, 0.07669317722320557, 0.07027807086706161, 0.05454815924167633, 0.032854169607162476, -0.13242551684379578, -0.12920869886875153, -0.08865030109882355, -0.03830229118466377, 0.015582849271595478, 0.07970879971981049, 0.11655551940202713, 0.1430947333574295, 0.13088375329971313, 0.12054534256458282, 0.061320025473833084, 0.007771830540150404, -0.049386415630578995, -0.10418349504470825, -0.13416054844856262, -0.008643832989037037, -0.05759161710739136, -0.10506757348775864, -0.14022941887378693, -0.1402212679386139, -0.12798932194709778, -0.08372391015291214, -0.02422025427222252, 0.0303401667624712, 0.09388496726751328, 0.1282968521118164, 0.1555582731962204, 0.1331748366355896, 0.10642048716545105, 0.06411028653383255], "R_std": [0.057208605110645294, 0.05716518685221672, 0.06366086006164551, 0.06837046891450882, 0.06704820692539215, 0.06258700042963028, 0.059953127056360245, 0.05760759487748146, 0.061387136578559875, 0.06117894500494003, 0.06205390393733978, 0.0628194585442543, 0.06296055763959885, 0.062057241797447205, 0.0555151104927063, 0.06737832725048065, 0.0620112307369709, 0.06153241544961929, 0.05616774410009384, 0.056984793394804, 0.056464388966560364, 0.0611208900809288, 0.0640515461564064, 0.06587565690279007, 0.060477569699287415, 0.06286560744047165, 0.05494484677910805, 0.06013341248035431, 0.059686318039894104, 0.06254186481237411, 0.09860192984342575, 0.10082641988992691, 0.11045340448617935, 0.12407217174768448, 0.12251363694667816, 0.11448945105075836, 0.10983345657587051, 0.10273781418800354, 0.10872434824705124, 0.11051473766565323, 0.10926801711320877, 0.11355893313884735, 0.11150498688220978, 0.11364300549030304, 0.09977061301469803, 0.12058129906654358, 0.11277595162391663, 0.11168055981397629, 0.10143133252859116, 0.0988733321428299, 0.10041908919811249, 0.10919725894927979, 0.11594168096780777, 0.12047690898180008, 0.11182039231061935, 0.11310756206512451, 0.09728747606277466, 0.10690733790397644, 0.10286575555801392, 0.10823008418083191], "X_true_mean": [-0.9817737340927124, -0.044178519397974014, 1.2855528593063354, 1.915974497795105, 2.780611991882324, 2.3466455936431885, 2.4954686164855957, 1.94961678981781, 0.5037674307823181, 0.3444158434867859, -1.8596705198287964, -1.4465947151184082, -3.322037696838379, -2.2190723419189453, -2.0427451133728027, -2.697188138961792, -2.652862787246704, -2.901008129119873, -2.0289838314056396, -1.2755364179611206, -0.4365580976009369, 0.5357900857925415, 1.6783766746520996, 2.998448133468628, 1.9148086309432983, 2.6276204586029053, 1.553918719291687, 0.35034799575805664, -0.34778693318367004, -1.4091722965240479, -1.1247717142105103, -1.0171012878417969, -0.7816563248634338, -0.3304266333580017, 0.08914237469434738, 0.5611571669578552, 0.8935800790786743, 1.1064887046813965, 1.0833286046981812, 0.9014590978622437, 0.5131731629371643, 0.09846895933151245, -0.40100228786468506, -0.7705115079879761, -1.0266683101654053, -0.0255214124917984, -0.42152535915374756, -0.8600788116455078, -1.0637774467468262, -1.1508291959762573, -0.9710845947265625, -0.694001317024231, -0.22745195031166077, 0.23992274701595306, 0.6573744416236877, 1.0410959720611572, 1.1439343690872192, 1.1063328981399536, 0.8508011102676392, 0.5120353102684021],