{"X_mean": [10.866562843322754, 8.455078125, 6.208805561065674, 2.791245460510254, -0.501133382320404, -4.153940200805664, -6.644984245300293, -8.225008010864258, -7.704363822937012, -6.415225982666016, -3.954596996307373, -0.44423362612724304, 2.6715729236602783, 5.246997356414795, 6.62876558303833, -0.13442349433898926, 3.8083033561706543, 6.6045026779174805, 7.880954742431641, 8.658437728881836, 6.992001056671143, 4.751720428466797, 1.5747764110565186, -1.6646417379379272, -4.753209114074707, -7.098905563354492, -7.221043586730957, -7.513425827026367, -5.055084228515625, -2.9911417961120605, 0.18060816824436188, 0.0189228393137455, 0.010019608773291111, -0.0043513355776667595, 0.04436017945408821, 0.049280982464551926, 0.08618175983428955, 0.08914735168218613, 0.1915934830904007, 0.12934599816799164, 0.09966033697128296, 0.04883410409092903, -0.017385629937052727, -0.10044147819280624, -0.24142588675022125, -0.026511820033192635, 0.014851177111268044, -0.032385554164648056, -0.0904211476445198, -0.0470062755048275, -0.09335745871067047, -0.07229055464267731, -0.027630452066659927, 0.03458229452371597, 0.07527453452348709, 0.11293353885412216, 0.26309090852737427, 0.153665691614151, 0.21590806543827057, 0.10558021068572998], "X_std": [1.7926342487335205, 1.5243624448776245, 1.2185379266738892, 0.9230492115020752, 0.8451828956604004, 1.2112760543823242, 1.4364509582519531, 1.4663389921188354, 1.9948670864105225, 1.3004522323608398, 1.353175163269043, 0.7906202077865601, 0.9834052324295044, 1.6645022630691528, 2.6787796020507812, 0.5655364990234375, 1.0717079639434814, 1.5478163957595825, 1.6138625144958496, 1.6260720491409302, 1.4263554811477661, 1.3281551599502563, 0.7846248745918274, 0.8455304503440857, 1.1100186109542847, 1.7693181037902832, 3.129472494125366, 1.7746320962905884, 2.691730260848999, 1.464385986328125, 0.40532949566841125, 0.39735132455825806, 0.3295225501060486, 0.18507860600948334, 0.16052842140197754, 0.2530842423439026, 0.3834230303764343, 0.4335072338581085, 0.47018715739250183, 0.3598537743091583, 0.302023708820343, 0.19239725172519684, 0.22050009667873383, 0.38748353719711304, 0.5289774537086487, 0.10412658005952835, 0.21960040926933289, 0.3486883342266083, 0.42357760667800903, 0.4477040767669678, 0.391044020652771, 0.3004205822944641, 0.1703975796699524, 0.19492240250110626, 0.2968548834323883, 0.45315834879875183, 0.5506961941719055, 0.45740702748298645, 0.46540433168411255, 0.28095129132270813], "U_mean": [0.0388641320168972, 0.015312752686440945, 0.007383616641163826, 0.003575387643650174, 0.005336192436516285, 0.0006498487782664597, -0.000640544923953712, 0.0033958004787564278, 0.02788488380610943, 0.017197782173752785, 0.01220705732703209, 0.007789044175297022, 0.0006290501332841814, -0.01067622471600771, -0.04194836691021919, -0.005912662949413061, 0.0065406858921051025, 0.0018277264898642898, -0.0035089089069515467, 0.0060922312550246716, -0.005238487850874662, 0.00012453724048100412, -0.0009838439291343093, 0.004106908570975065, 0.008402039296925068, 0.009706569835543633, 0.03278202936053276, 0.015451764687895775, 0.03261730819940567, 0.020370002835989], "U_std": [1.0249689817428589, 0.9751971960067749, 0.7665582299232483, 0.4390832185745239, 0.30605241656303406, 0.6050742864608765, 0.9429751038551331, 1.1234869956970215, 1.1233209371566772, 0.9529251456260681, 0.6096603870391846, 0.34558776021003723, 0.46676144003868103, 0.8219254612922668, 1.0444262027740479, 0.21834425628185272, 0.4781361520290375, 0.839785635471344, 1.0608106851577759, 1.1054573059082031, 0.9747883677482605, 0.6956056952476501, 0.36076271533966064, 0.40541672706604004, 0.7080525755882263, 1.0171432495117188, 1.1377009153366089, 1.1054770946502686, 0.8569103479385376, 0.552903950214386], "R_mean": [-0.0018250446300953627, -0.0003508390218485147, -0.00017181997827719897, -1.6938138287514448e-05, -0.0003905136836692691, -0.00036359604564495385, -0.0005971984937787056, -0.0006877042469568551, -0.0016686443705111742, -0.0011382910888642073, -0.0008695877622812986, -0.00044940508087165654, 0.00010535327601246536, 0.0007490578573197126, 0.0020586971659213305, 0.0002707060775719583, -0.00019883330969605595, 0.0002085016603814438, 0.0006984024657867849, 0.00024888175539672375, 0.000742893316783011, 0.0005083160940557718, 0.0002122211444657296, -0.00028252031188458204, -0.0006357106030918658, -0.000923046434763819, -0.0021155155263841152, -0.001278737443499267, -0.0018549972446635365, -0.0009219507337547839, -0.0060834819450974464, -0.001169463386759162, -0.000572733290027827, -5.6460514315404e-05, -0.0013017122400924563, -0.0012119868770241737, -0.0019906614907085896, -0.002292347140610218, -0.005562148056924343, -0.0037943036295473576, -0.002898625796660781, -0.0014980168780311942, 0.00035117758670821786, 0.002496859524399042, 0.006862324196845293, 0.0009023536113090813, -0.0006627776892855763, 0.0006950054666958749, 0.002328007947653532, 0.0008296057349070907, 0.00247631105594337, 0.0016943870577961206, 0.0007074038148857653, -0.0009417343535460532, -0.0021190354600548744, -0.0030768210999667645, -0.007051719352602959, -0.00426245853304863, -0.0061833239160478115, -0.00307316891849041], "R_std": [0.01330954022705555, 0.012694645673036575, 0.01003323309123516, 0.005734729580581188, 0.004089120775461197, 0.007886866107583046, 0.012274474836885929, 0.014570892788469791, 0.014636355452239513, 0.012338900938630104, 0.008094307035207748, 0.004657707177102566, 0.006170633248984814, 0.010767253115773201, 0.013771559111773968, 0.002886537229642272, 0.006275007966905832, 0.010954083874821663, 0.013806738890707493, 0.01440168172121048, 0.012659530155360699, 0.009107399731874466, 0.004753740970045328, 0.005341474898159504, 0.009231883101165295, 0.013341040350496769, 0.014941839501261711, 0.014437155798077583, 0.011406290344893932, 0.00728000421077013, 0.04436279460787773, 0.04231314733624458, 0.03344177454710007, 0.019113434478640556, 0.013628071174025536, 0.026287218555808067, 0.040912579745054245, 0.048567306250333786, 0.04878551512956619, 0.04112733528017998, 0.026978690177202225, 0.015523359179496765, 0.02056644670665264, 0.03588850796222687, 0.045902855694293976, 0.009619458578526974, 0.020914360880851746, 0.03651127964258194, 0.04602012783288956, 0.048003267496824265, 0.04219609871506691, 0.0303556639701128, 0.0158434696495533, 0.017802583053708076, 0.03077060729265213, 0.04446779936552048, 0.04980379343032837, 0.04812151566147804, 0.03801863268017769, 0.024264348670840263]}